{
    "x0": {
        "neurons": [
            {
                "v": -50,
                "u": -2.688727171143322
            },
            {
                "v": -6.261096679668458,
                "u": -3.924988017267206
            }
        ]
    },
    "param": {
        "neurons": [
            {
                "a": 0.26,
                "b": 0.2,
                "c": -50,
                "d": 2,
                "I": 10
            },
            {
                "a": 0.2,
                "b": 0.2,
                "c": -50,
                "d": 2,
                "I": 10
            }
        ],
        "delta": -0.1
    },
    "cnt": {
        "endVal": -0.05,
        "resolution": 200,
        "parameter": "delta"
    },
    "bf": {
        "period": 1,
        "theta": 3.141592,
        "parameter": "a1"
    }
}