{
    "x0": {
        "neurons": [
            {
                "v": -50.0,
                "u": -0.5551190751069334
            },
            {
                "v": -49.406599425523666,
                "u": -2.8549537729833783
            }
        ]
    },
    "param": {
        "neurons": [
            {
                "a": 0.1006999999999997,
                "b": 0.2,
                "c": -50,
                "d": 2,
                "I": 10
            },
            {
                "a": 0.2,
                "b": 0.2,
                "c": -50,
                "d": 2,
                "I": 10
            }
        ],
        "delta": -0.05
    },
    "cnt": {
        "endVal": 0,
        "resolution": 200,
        "parameter": "delta"
    },
    "fix": {
        "period": 3
    },
    "bf": {
        "theta": 0,
        "period": 3,
        "parameter": "a1"

    }
}