{
    "x0": {
        "neurons": [
            {
                "v": -50.0,
                "u": -0.5292543102841575
            },
            {
                "v": -50.782511562264254,
                "u": -2.871887057836622
            }
        ]
    },
    "param": {
        "neurons": [
            {
                "a": 0.09481938793017944,
                "b": 0.2,
                "c": -50,
                "d": 2,
                "I": 10
            },
            {
                "a": 0.2,
                "b": 0.2,
                "c": -50,
                "d": 2,
                "I": 10
            }
        ],
        "delta": -0.10000000000000005
    },
    "cnt": {
        "endVal": -0.3,
        "resolution": 200,
        "parameter": "delta"
    },
    "bf": {
        "theta": 0,
        "period": 3,
        "parameter": "a1"
    },
    "traj": {
        "maps": 3
    }
}