{
    "x0": {
        "neurons": [
            {
                "v": -50.0,
                "u": -0.47221762834934267
            },
            {
                "v": -51.18998629890764,
                "u": -3.2116977812254377
            }
        ]
    },
    "param": {
        "neurons": [
            {
                "a": 0.10157551861109985,
                "b": 0.2,
                "c": -50,
                "d": 2,
                "I": 10
            },
            {
                "a": 0.2,
                "b": 0.2,
                "c": -50,
                "d": 2,
                "I": 10
            }
        ],
        "delta": -0.12970924999999986
    },
    "cnt": {
        "endVal": -0.3,
        "resolution": 200,
        "parameter": "delta"
    },
    "new_bf": {
        "alpha_n": 2,
        "beta_n": 3,
        "period": 4,
        "parameter": "a1"
    },
    "traj": {
        "maps": 4
    }
}