{
    "x0": {
        "neurons": [
            {
                "v": -50.0,
                "u": -0.5386145213432432
            },
            {
                "v": -44.438816639499535,
                "u": -3.647451500161031
            }
        ]
    },
    "param": {
        "neurons": [
            {
                "a": 0.10182637700798966,
                "b": 0.2,
                "c": -50,
                "d": 2,
                "I": 10
            },
            {
                "a": 0.2,
                "b": 0.2,
                "c": -50,
                "d": 2,
                "I": 10
            }
        ],
        "delta": -0.041499999999999995
    },
    "cnt": {
        "endVal": 0,
        "resolution": 100,
        "parameter": "delta"
    },
    "bf": {
        "theta": 3.141592,
        "period": 3,
        "parameter": "a1"
    },
    "traj": {
        "maps": 3
    },
    "new_bf": {
        "alpha_n": 1,
        "beta_n": 2,
        "period": 3,
        "parameter": "a1"
    }
}