{
    "x0": {
        "neurons": [
            {
                "v": -50.0,
                "u": -0.5590301906692862
            },
            {
                "v": -46.08551297051854,
                "u": -3.626393593427333
            }
        ]
    },
    "param": {
        "neurons": [
            {
                "a": 0.10140075180317351,
                "b": 0.2,
                "c": -50,
                "d": 2,
                "I": 10
            },
            {
                "a": 0.2,
                "b": 0.2,
                "c": -50,
                "d": 2,
                "I": 10
            }
        ],
        "delta": -0.05699999999999998
    },
    "cnt": {
        "endVal": 0,
        "resolution": 100,
        "parameter": "delta"
    },
    "bf": {
        "theta": 3.141592653589793,
        "period": 3,
        "parameter": "a1"
    },
    "traj": {
        "maps": 3
    }
}