{
    "x0": {
        "neurons": [
            {
                "v": -50.0,
                "u": -0.5562248178979736
            },
            {
                "v": -46.2782885280701,
                "u": -3.6306943373153278
            }
        ]
    },
    "param": {
        "neurons": [
            {
                "a": 0.10100972499999995,
                "b": 0.2,
                "c": -50,
                "d": 2,
                "I": 10
            },
            {
                "a": 0.2,
                "b": 0.2,
                "c": -50,
                "d": 2,
                "I": 10
            }
        ],
        "delta": -0.06
    },
    "cnt": {
        "endVal": -0.3,
        "resolution": 300,
        "parameter": "delta"
    },
    "fix": {
        "period": 3
    },
    "bf": {
        "theta": 3.141592,
        "period": 3,
        "parameter": "a1"
    }
}