{
    "x0": {
        "neurons": [
            {
                "v": -50.0,
                "u": -0.33786229976243093
            },
            {
                "v": -52.0768808797381,
                "u": -3.69955507471946
            }
        ]
    },
    "param": {
        "neurons": [
            {
                "a": 0.08089566666666649,
                "b": 0.2,
                "c": -50,
                "d": 2,
                "I": 10
            },
            {
                "a": 0.2,
                "b": 0.2,
                "c": -50,
                "d": 2,
                "I": 10
            }
        ],
        "delta": -0.14978320647890023
    },
    "cnt": {
        "endVal": 0,
        "resolution": 300,
        "parameter": "a1"
    },
    "bf": {
        "theta": 5.104483647146304e-262,
        "period": 3,
        "parameter": "delta"
    }
}