{
    "x0": {
        "neurons": [
            {
                "v": -50.0,
                "u": -1.237151155032658
            },
            {
                "v": -50.02368093627403,
                "u": -2.602288162149815
            }
        ]
    },
    "param": {
        "neurons": [
            {
                "a": 0.15787981644497442,
                "b": 0.2,
                "c": -50,
                "d": 2,
                "I": 10
            },
            {
                "a": 0.2,
                "b": 0.2,
                "c": -50,
                "d": 2,
                "I": 10
            }
        ],
        "delta": -0.11159999999999995
    },
    "cnt": {
        "endVal": 0,
        "resolution": 100,
        "parameter": "delta"
    },
    "bf": {
        "theta": 3.141592653589793,
        "period": 2,
        "parameter": "a1"
    },
    "traj": {
        "maps": 2
    }
}