{
    "x0": {
        "neurons": [
            {
                "v": -50.0,
                "u": -3.0560437050360494
            },
            {
                "v": -40.21873242208999,
                "u": -3.9608730406230217
            }
        ]
    },
    "param": {
        "neurons": [
            {
                "a": 0.3922950605764667,
                "b": 0.2,
                "c": -50,
                "d": 2,
                "I": 10
            },
            {
                "a": 0.2,
                "b": 0.2,
                "c": -50,
                "d": 2,
                "I": 10
            }
        ],
        "delta": -0.2077170419999996
    },
    "cnt": {
        "endVal": -0.3,
        "resolution": 300,
        "parameter": "delta"
    },
    "new_bf": {
        "alpha_n": 3,
        "beta_n": 4,
        "period": 4,
        "parameter": "a1"
    },
    "traj" : {
        "maps": 4
    }
}