{
    "x0": {
        "neurons": [
            {
                "v": -50.0,
                "u": -1.7548437360053701
            },
            {
                "v": -44.298962686496104,
                "u": -4.846891435472356
            }
        ]
    },
    "param": {
        "neurons": [
            {
                "a": 0.1937849851109252,
                "b": 0.2,
                "c": -50,
                "d": 2,
                "I": 10
            },
            {
                "a": 0.2,
                "b": 0.2,
                "c": -50,
                "d": 2,
                "I": 10
            }
        ],
        "delta": -0.13469546260000007
    },
    "cnt": {
        "endVal": -0.5,
        "resolution": 200,
        "parameter": "delta"
    },
    "new_bf3": {
        "dim": 3,
        "beta_n": 2,
        "period": 4,
        "parameter": "a1",
        "tspan": 4.1
    },
    "traj": {
        "maps": 4
    }
}