{
    "x0": {
        "neurons": [
            {
                "v": -50.0,
                "u": -1.1413451004135775
            },
            {
                "v": -48.57865789955172,
                "u": -5.258186657135646
            }
        ]
    },
    "param": {
        "neurons": [
            {
                "a": 0.15659867688928622,
                "b": 0.2,
                "c": -50,
                "d": 2,
                "I": 10
            },
            {
                "a": 0.2,
                "b": 0.2,
                "c": -50,
                "d": 2,
                "I": 10
            }
        ],
        "delta": -0.15905191866666768
    },
    "cnt": {
        "endVal": 0,
        "resolution": 300,
        "parameter": "a1"
    },
    "new_bf3": {
        "dim": 3,
        "beta_n": 3,
        "period": 4,
        "parameter": "delta",
        "tspan": 4.5,
        "alpha_n": 2
    }
}