{
    "x0": {
        "neurons": [
            {
                "v": -50.0,
                "u": -0.8839441540147722
            },
            {
                "v": -50.290649895347535,
                "u": -5.818060651364072
            }
        ]
    },
    "param": {
        "neurons": [
            {
                "a": 0.13624084889367907,
                "b": 0.2,
                "c": -50,
                "d": 2,
                "I": 10
            },
            {
                "a": 0.2,
                "b": 0.2,
                "c": -50,
                "d": 2,
                "I": 10
            }
        ],
        "delta": -0.18031617750787096
    },
    "cnt": {
        "endVal": -1,
        "resolution": 600,
        "parameter": "delta"
    },
    "new_bf3": {
        "dim": 3,
        "beta_n": 3,
        "period": 4,
        "parameter": "a1",
        "tspan": 2.4,
        "alpha_n": 2
    },
    "traj": {
        "maps": 4
    },
    "fix": {
        "period": 4
    }
}