{
    "x0": {
        "neurons": [
            {
                "v": -50.0,
                "u": -1.117632949367238
            },
            {
                "v": -51.37919703945358,
                "u": -3.094694232718458
            }
        ]
    },
    "param": {
        "neurons": [
            {
                "a": 0.14509999999999987,
                "b": 0.2,
                "c": -50,
                "d": 2,
                "I": 10
            },
            {
                "a": 0.2,
                "b": 0.2,
                "c": -50,
                "d": 2,
                "I": 10
            }
        ],
        "delta": -0.13
    },
    "cnt": {
        "endVal": -0.112,
        "resolution": 20,
        "parameter": "delta"
    },
    "fix": {
        "period": 4
    },
    "traj": {
        "maps": 4
    },
    "new_bf3": {
        "dim": 3,
        "beta_n": 1,
        "period": 4,
        "parameter": "a1",
        "tspan": 3,
        "alpha_n": 1
    }
}