{
    "x0": {
        "neurons": [
            {
                "v": -50.0,
                "u": -1.0401663390483173
            },
            {
                "v": -51.179216903669335,
                "u": -2.9098597186914974
            }
        ]
    },
    "param": {
        "neurons": [
            {
                "a": 0.14300741819496868,
                "b": 0.2,
                "c": -50,
                "d": 2,
                "I": 10
            },
            {
                "a": 0.2,
                "b": 0.2,
                "c": -50,
                "d": 2,
                "I": 10
            }
        ],
        "delta": -0.26049999999999984
    },
    "cnt": {
        "endVal": -0.48,
        "resolution": 100,
        "parameter": "delta"
    },
    "new_bf3": {
        "dim": 3,
        "beta_n": 1,
        "period": 4,
        "parameter": "a1",
        "tspan": 2.123,
        "alpha_n": 1
    },
    "traj":{
        "maps": 4
    }
}