{
    "x0": {
        "neurons": [
            {
                "v": -50.0,
                "u": -1.489697171829755
            },
            {
                "v": -50.54891006333747,
                "u": -2.6115485299656487
            }
        ]
    },
    "param": {
        "neurons": [
            {
                "a": 0.1671814531009624,
                "b": 0.2,
                "c": -50,
                "d": 2,
                "I": 10
            },
            {
                "a": 0.2,
                "b": 0.2,
                "c": -50,
                "d": 2,
                "I": 10
            }
        ],
        "delta": -0.4800000000000001
    },
    "cnt": {
        "endVal": -1,
        "resolution": 100,
        "parameter": "delta"
    },
    "new_bf3": {
        "dim": 3,
        "beta_n": 1,
        "period": 4,
        "parameter": "a1",
        "tspan": 1.3,
        "alpha_n": 1
    },
    "traj": {
        "maps": 4
    }
}