{
    "x0": {
        "neurons": [
            {
                "v": -50.0,
                "u": -2.7088861376518145
            },
            {
                "v": -50.55198191971914,
                "u": -3.226447768063973
            }
        ]
    },
    "param": {
        "neurons": [
            {
                "a": 0.19362000000000054,
                "b": 0.2,
                "c": -50,
                "d": 2,
                "I": 10
            },
            {
                "a": 0.2,
                "b": 0.2,
                "c": -50,
                "d": 2,
                "I": 10
            }
        ],
        "delta": -0.115
    },
    "cnt": {
        "endVal": -0.09,
        "resolution": 100,
        "parameter": "delta"
    },
    "fix": {
        "period": 4
    },
    "traj": {
        "maps": 4
    },
    "bf": {
        "period": 4,
        "theta": 0,
        "parameter": "a1"
    }
}