{
    "x0": {
        "neurons": [
            {
                "v": -50.0,
                "u": -2.59509638315946
            },
            {
                "v": -50.51910899499348,
                "u": -3.150139778506971
            }
        ]
    },
    "param": {
        "neurons": [
            {
                "a": 0.1925269434471806,
                "b": 0.2,
                "c": -50,
                "d": 2,
                "I": 10
            },
            {
                "a": 0.2,
                "b": 0.2,
                "c": -50,
                "d": 2,
                "I": 10
            }
        ],
        "delta": -0.10925
    },
    "cnt": {
        "endVal": 0.16,
        "resolution": 200,
        "parameter": "a1"
    },
    "bf": {
        "theta": 2.8892638304481977e-263,
        "period": 4,
        "parameter": "a1"
    },
    "traj": {
        "maps": 4
    },
    "new_bf3": {
        "dim": 3,
        "beta_n": 1,
        "period": 4,
        "parameter": "delta",
        "tspan": 3,
        "alpha_n": 1
    }
}