{
    "x0": {
        "neurons": [
            {
                "v": -50.0,
                "u": -2.5986688602836545
            },
            {
                "v": -50.52346725194173,
                "u": -3.1514754440766084
            }
        ]
    },
    "param": {
        "neurons": [
            {
                "a": 0.19252682197082469,
                "b": 0.2,
                "c": -50,
                "d": 2,
                "I": 10
            },
            {
                "a": 0.2,
                "b": 0.2,
                "c": -50,
                "d": 2,
                "I": 10
            }
        ],
        "delta": -0.10925
    },
    "cnt": {
        "endVal": -0.09,
        "resolution": 100,
        "parameter": "delta"
    },
    "bf": {
        "theta": -3.2394631944840433e-137,
        "period": 4,
        "parameter": "a1"
    },
    "traj": {
        "maps": 4
    }
}