{
    "x0": {
        "neurons": [
            {
                "v": -50.0,
                "u": -2.805185015874241
            },
            {
                "v": -50.632673068371986,
                "u": -3.6668523492726584
            }
        ]
    },
    "param": {
        "neurons": [
            {
                "a": 0.17348093722833788,
                "b": 0.2,
                "c": -50,
                "d": 2,
                "I": 10
            },
            {
                "a": 0.2,
                "b": 0.2,
                "c": -50,
                "d": 2,
                "I": 10
            }
        ],
        "delta": -0.15335000000000007
    },
    "cnt": {
        "endVal": 0,
        "resolution": 100,
        "parameter": "a1"
    },
    "bf": {
        "theta": 0,
        "period": 4,
        "parameter": "delta"
    }
}