{
    "x0": {
        "neurons": [
            {
                "v": -50.0,
                "u": -2.5007383668802206
            },
            {
                "v": -50.88697033421443,
                "u": -3.852556645567074
            }
        ]
    },
    "param": {
        "neurons": [
            {
                "a": 0.150928415388654,
                "b": 0.2,
                "c": -50,
                "d": 2,
                "I": 10
            },
            {
                "a": 0.2,
                "b": 0.2,
                "c": -50,
                "d": 2,
                "I": 10
            }
        ],
        "delta": -0.16937039590665595
    },
    "cnt": {
        "endVal": 0,
        "resolution": 100,
        "parameter": "a1"
    },
    "bf": {
        "theta": -1.3070899663056053e-30,
        "period": 4,
        "parameter": "delta"
    }
}