{
    "x0": {
        "neurons": [
            {
                "v": -50.0,
                "u": -2.6875425589972717
            },
            {
                "v": -34.17931009373484,
                "u": -4.114300344169592
            }
        ]
    },
    "param": {
        "neurons": [
            {
                "a": 0.2800000000000002,
                "b": 0.2,
                "c": -50,
                "d": 2,
                "I": 10
            },
            {
                "a": 0.2,
                "b": 0.2,
                "c": -50,
                "d": 2,
                "I": 10
            }
        ],
        "delta": -0.145
    },
    "cnt": {
        "endVal": -0.13,
        "resolution": 100,
        "parameter": "delta"
    },
    "fix": {
        "period": 4
    }
}