{
    "x0": {
        "neurons": [
            {
                "v": -50.0,
                "u": -2.6381267745124237
            },
            {
                "v": -30.060958052421146,
                "u": -4.020270078572028
            }
        ]
    },
    "param": {
        "neurons": [
            {
                "a": 0.2800000000000002,
                "b": 0.2,
                "c": -50,
                "d": 2,
                "I": 10
            },
            {
                "a": 0.2,
                "b": 0.2,
                "c": -50,
                "d": 2,
                "I": 10
            }
        ],
        "delta": -0.13209999999999902
    },
    "cnt": {
        "endVal": -0.13,
        "resolution": 100,
        "parameter": "delta"
    },
    "fix": {
        "period": 4
    }
}